Order,Filename,Scene,Model,Seconds,Original source,SHA256
1,clips/01_B01_kling_30_pro.mp4,Le grenier,kling_30_pro,5.041667,creative/model-comparison-v3/kling3/videos/B01.mp4,934e33427bbae474cbad9f8a72d27b01eb618e78944341cfcbbdb51aacf65b6b
2,clips/02_B03_seedance_25.mp4,La boîte et la photographie,seedance_25,5.041667,creative/model-comparison-v3/seedance25/videos/B03.mp4,ebdbff2046c0fb671de99030626f21bd9840f0574a1786a36c42780332350208
3,clips/03_B05_seedance_25.mp4,Les lacets,seedance_25,4.041667,creative/model-comparison-v3/seedance25/videos/B05.mp4,d0441ba4c0284bdf7cf625b758bf9acaedc1a9ee31e261757206dc9105a31d6f
4,clips/04_B06_kling_30_pro.mp4,Premier souvenir,kling_30_pro,4.041667,creative/model-comparison-v3/kling3/videos/B06.mp4,c99586dd573de65c5e8b77a1e71b9636665c582c2460ce93018384ef1dbaf178
5,clips/05_B07B_seedance_25.mp4,Le panier - Seedance,seedance_25,4.041667,creative/model-comparison-v3/seedance25/videos/B07B.mp4,f844e145f9220094c90efb23447fa96c415ffefa85ec94c9d83f84e5a5d091fe
6,clips/06_S09_kling-3-pro.mp4,Le sourire de Rafa,kling-3-pro,5.041667,creative/animatic-v1/memories/S09.mp4,e676f5f5390beebc204aa63b8225fb81299802d8fa2e819475e509547ecd8d33
7,clips/07_B07B_veo31.mp4,Le panier - Veo,veo31,8.000000,creative/model-comparison-v3/veo31/videos/B07B.mp4,a37ff975f27fa8af37fce2f1d64d2c23ec32174bdf80dbf4e23575b9d38a62f3
8,clips/08_B07A_veo31.mp4,Le tir de Rafa,veo31,8.000000,creative/model-comparison-v3/veo31/videos/B07A.mp4,4dff5dfa05a6ec76280fcf4dc3186ec82eed5c3aec4034689d9cde8c7bfeb3f4
9,clips/09_B08_seedance_25.mp4,Les chaussures se rencontrent,seedance_25,4.041667,creative/model-comparison-v3/seedance25/videos/B08.mp4,273b229f6d161ca425198426280bc230c18f87a11df50e75b4d128ed91218cd9
10,clips/10_B09_veo31.mp4,La rencontre avec Elena,veo31,8.000000,creative/model-comparison-v3/veo31/videos/B09.mp4,76f5f67000066f6b6bb221cde969ac74b935570ef46a237e4937c0aba52152fe
11,clips/11_S13_kling-3-pro.mp4,Les mains,kling-3-pro,5.041667,creative/animatic-v1/memories/S13.mp4,b05bbe40894ead43f2773ab5cf4008cfffa58a3092b4944eb1d8c7f43f2c2b35
12,clips/12_S15_kling-3-pro.mp4,Le regard de Rafa,kling-3-pro,5.041667,creative/animatic-v1/memories/S15.mp4,2c3840fd7b2649cbfc17fbc3791224938978c6fd80dbd2d1680266fa9932e814
13,clips/13_B10_veo31.mp4,Le mariage,veo31,8.000000,creative/model-comparison-v3/veo31/videos/B10.mp4,b3706527680662d3e5548a366921e46cc7cdcc55474b8b35622bed076cf627c3
14,clips/14_B12_kling_30_pro.mp4,La transmission,kling_30_pro,8.041667,creative/model-comparison-v3/kling3/videos/B12.mp4,8e34a66010c89d1119406d4ffed04bb0ec9ef3224b3cd268f2936e754c8ec073
15,clips/15_S19_kling_30.mp4,Le regard de sa fille,kling_30,6.041667,creative/animatic-v1/family/videos/S19.mp4,310795db6092c091fc9339c0cf9911a573a30784e4d3e8be27dba3190b97632f
16,clips/16_B13_seedance_25.mp4,Retour à Luna,seedance_25,4.041667,creative/model-comparison-v3/seedance25/videos/B13.mp4,174796ca04bc7d2bb6e07c20a91b6b359f3a21124236873db92406c86af89824
17,clips/17_B14A_veo31.mp4,Luna et la photographie,veo31,8.000000,creative/model-comparison-v3/veo31/videos/B14A.mp4,b33010fae6860e9c77e1709d316c45a833c87af4b636f3a5ff87faec44c3965e
18,clips/18_B15_seedance_25.mp4,La paire héritée,seedance_25,4.041667,creative/model-comparison-v3/seedance25/videos/B15.mp4,71e7520b3157dae7968ac024387969f18b0cfcd25859a41b249d61c63f9f8364
19,clips/19_V22_kling_30.mp4,Luna prend son skate,kling_30,6.041667,creative/animatic-v1/opening/videos/V22.mp4,452fbf377c24b9b87715e0d8f4686840b2fc9dcdcccc4e980e247307d838f06c
20,clips/20_V25_kling_30.mp4,Détail du skateboard,kling_30,5.041667,creative/animatic-v1/opening/videos/V25.mp4,d695cc4e9ac4ea7071128bb2327e2d01c97d140863df5fcbd59acb81ff7833ce
