beat_id,keyframe_chapter,in_seconds,out_seconds,duration_seconds,action_en,reference_ids,assets_to_prepare,sound_en,continuity_en,status
B01,K01,0,4,4,Luna feels the inherited right shoe beside the open chest; left shoe is already on.,T01 X01 L01 D06 G01,K01; product 2026; funeral programme; young Rafa photo,Mother off-screen: They were his. I used to borrow them.,"Establish skateboard, uncapped marker and photo; exactly two inherited shoes.",PROPOSED_NOT_GENERATED
B02,K01,4,9,5,Luna slips on the loosened right shoe.,K01,Derived shoe-fitting composition,Fabric and breathing.,"Same seated position, socks and wardrobe; no complicated knot.",PROPOSED_NOT_GENERATED
B03,K02,9,15,6,Luna tightens one already tied lace and glances towards the photograph.,K01 K02,Derived lace close framing,Lace friction; restrained musical motif.,Both shoes on; maintain right-tongue marking and repair.,PROPOSED_NOT_GENERATED
B04,K02,15,19,4,Luna plants her right foot; the lateral camera move passes behind the attic beam.,K02 D06 R02,Contact and pre-occlusion frames,Wood/rubber sound becomes court rubber.,Forefoot and heel grounded; direction and height must match memory entrance.,PROPOSED_NOT_GENERATED
B05,K03,19,25,6,"Teenage Rafa performs one small pivot, holding the ball against his hip.",G12 R03,K03; approved young identity; product 1970,Court ambience and an off-screen bounce.,Same face/clothes as chest photograph; no later shoe repair.,PROPOSED_NOT_GENERATED
B06,K03,25,31,6,Rafa smiles off screen as the camera continues past a foreground post.,K03 R03,Pre-occlusion and dance-entry frames,Foot rhythm introduces percussion.,One continuous movement; no unsupported change in direction.,PROPOSED_NOT_GENERATED
B07,K04,31,37,6,Elena offers her hand; young adult Rafa hesitates.,G13 R05,K04; approved Elena; product 1977,Warm dance-hall ambience.,Elena wears different footwear; preserve Rafa identity.,PROPOSED_NOT_GENERATED
B08,K04,37,43,6,Rafa accepts her hand; one shared step ends behind a close shoulder.,K04 R05,Dance-step and pre-occlusion frames,Salsa color and a small laugh.,No complex choreography or extra foreground dancer needed.,PROPOSED_NOT_GENERATED
B09,K05,43,50,7,Rafa notices the loose bow on his teenage daughter and crouches beside her.,G14 R06,K05; corrected Rafa age; teenage mother; product 1995,Domestic ambience; music softens.,Only the daughter wears the inherited pair; Rafa in different house shoes.,PROPOSED_NOT_GENERATED
B10,K05,50,57,7,Rafa gently tightens the lace; his daughter smiles; a close trouser leg masks the return.,K05 R06,Lace gesture and return-transition frames,Lace friction bridges back to the attic.,One pull on existing bow; no knot simulation; maintain repair placement.,PROPOSED_NOT_GENERATED
B11,K06,57,63,6,Luna crouches back in D06 and touches the same part of the shoe; her expression softens and she picks up the nearby uncapped marker.,K01 K02 L02 D06,Derived return frame; product 2026,Attic ambience returns; music remains.,The memories did not physically move Luna out of the attic.,PROPOSED_NOT_GENERATED
B12,K06,63,69,6,Luna adds L.M. beside R.M. on the exposed upper right tongue above the laces and puts the marker down.,K02 T08,Initials close framing; tracked lettering,Marker on canvas; intimate pause.,Existing R.M. never disappears; no markings on her forearm.,PROPOSED_NOT_GENERATED
B13,K06,69,75,6,"Luna rises, takes her skateboard and steps towards the attic exit.",K06 K01 D06,K06; clean final text overlay,Footsteps; warm musical resolution.,Overlay tagline at 71-75; no separate card or teleport to street.,PROPOSED_NOT_GENERATED
